{
  "1": {
    "r": 0.009987,
    "r2": 0.0001
  },
  "2": {
    "r": 0.005779,
    "r2": 3.3e-05
  },
  "3": {
    "r": -0.010808,
    "r2": 0.000117
  },
  "4": {
    "r": 0.023275,
    "r2": 0.000542
  },
  "5": {
    "r": -0.009447,
    "r2": 8.9e-05
  },
  "6": {
    "r": 0.009629,
    "r2": 9.3e-05
  },
  "7": {
    "r": -0.000111,
    "r2": 0.0
  },
  "8": {
    "r": 0.075144,
    "r2": 0.005647
  },
  "9": {
    "r": 0.025925,
    "r2": 0.000672
  },
  "10": {
    "r": 0.002752,
    "r2": 8e-06
  },
  "11": {
    "r": -0.032908,
    "r2": 0.001083
  },
  "12": {
    "r": 0.103663,
    "r2": 0.010746
  },
  "13": {
    "r": -0.002314,
    "r2": 5e-06
  },
  "14": {
    "r": 0.071668,
    "r2": 0.005136
  },
  "15": {
    "r": -0.038052,
    "r2": 0.001448
  },
  "16": {
    "r": 0.019415,
    "r2": 0.000377
  },
  "17": {
    "r": 0.020543,
    "r2": 0.000422
  },
  "18": {
    "r": 0.003874,
    "r2": 1.5e-05
  },
  "19": {
    "r": 0.015054,
    "r2": 0.000227
  },
  "20": {
    "r": -0.020512,
    "r2": 0.000421
  },
  "21": {
    "r": 0.025155,
    "r2": 0.000633
  },
  "22": {
    "r": 0.030835,
    "r2": 0.000951
  },
  "23": {
    "r": 0.016688,
    "r2": 0.000278
  },
  "24": {
    "r": 0.169336,
    "r2": 0.028675
  },
  "25": {
    "r": 0.091816,
    "r2": 0.00843
  },
  "26": {
    "r": -0.02339,
    "r2": 0.000547
  },
  "27": {
    "r": 0.036423,
    "r2": 0.001327
  },
  "28": {
    "r": 0.058018,
    "r2": 0.003366
  },
  "29": {
    "r": -0.022858,
    "r2": 0.000523
  },
  "30": {
    "r": -0.033784,
    "r2": 0.001141
  },
  "31": {
    "r": 0.041378,
    "r2": 0.001712
  },
  "32": {
    "r": 0.015184,
    "r2": 0.000231
  },
  "33": {
    "r": 0.014742,
    "r2": 0.000217
  },
  "34": {
    "r": 0.018649,
    "r2": 0.000348
  },
  "35": {
    "r": -0.034918,
    "r2": 0.001219
  },
  "36": {
    "r": 0.040265,
    "r2": 0.001621
  },
  "37": {
    "r": 0.051209,
    "r2": 0.002622
  },
  "38": {
    "r": -0.021084,
    "r2": 0.000445
  },
  "39": {
    "r": 0.042898,
    "r2": 0.00184
  },
  "40": {
    "r": 0.027264,
    "r2": 0.000743
  },
  "41": {
    "r": 0.035774,
    "r2": 0.00128
  },
  "42": {
    "r": 0.061111,
    "r2": 0.003735
  },
  "43": {
    "r": -0.062192,
    "r2": 0.003868
  },
  "44": {
    "r": -0.030929,
    "r2": 0.000957
  },
  "45": {
    "r": -0.028271,
    "r2": 0.000799
  },
  "46": {
    "r": -0.008231,
    "r2": 6.8e-05
  },
  "47": {
    "r": 0.01657,
    "r2": 0.000275
  },
  "48": {
    "r": -0.082957,
    "r2": 0.006882
  },
  "49": {
    "r": -0.013693,
    "r2": 0.000187
  },
  "50": {
    "r": -0.00747,
    "r2": 5.6e-05
  },
  "51": {
    "r": 0.036961,
    "r2": 0.001366
  },
  "52": {
    "r": 0.042078,
    "r2": 0.001771
  },
  "53": {
    "r": -0.002059,
    "r2": 4e-06
  },
  "54": {
    "r": 0.046359,
    "r2": 0.002149
  },
  "55": {
    "r": 0.07003,
    "r2": 0.004904
  },
  "56": {
    "r": 0.015126,
    "r2": 0.000229
  },
  "57": {
    "r": 0.051977,
    "r2": 0.002702
  },
  "58": {
    "r": 0.026129,
    "r2": 0.000683
  },
  "59": {
    "r": 0.012882,
    "r2": 0.000166
  },
  "60": {
    "r": -0.003867,
    "r2": 1.5e-05
  },
  "61": {
    "r": -0.002808,
    "r2": 8e-06
  },
  "62": {
    "r": 0.058211,
    "r2": 0.003389
  },
  "63": {
    "r": 0.104186,
    "r2": 0.010855
  },
  "64": {
    "r": -0.011169,
    "r2": 0.000125
  },
  "65": {
    "r": 0.028086,
    "r2": 0.000789
  },
  "66": {
    "r": 0.022341,
    "r2": 0.000499
  },
  "67": {
    "r": 0.036437,
    "r2": 0.001328
  },
  "68": {
    "r": -0.006745,
    "r2": 4.5e-05
  },
  "69": {
    "r": 0.025189,
    "r2": 0.000635
  },
  "70": {
    "r": 0.042806,
    "r2": 0.001832
  },
  "71": {
    "r": 0.013806,
    "r2": 0.000191
  },
  "72": {
    "r": 0.010077,
    "r2": 0.000102
  },
  "73": {
    "r": 0.056317,
    "r2": 0.003172
  },
  "74": {
    "r": 0.020398,
    "r2": 0.000416
  },
  "75": {
    "r": 0.035946,
    "r2": 0.001292
  },
  "76": {
    "r": 0.029341,
    "r2": 0.000861
  },
  "77": {
    "r": -0.022939,
    "r2": 0.000526
  },
  "78": {
    "r": 0.035326,
    "r2": 0.001248
  },
  "79": {
    "r": 0.059228,
    "r2": 0.003508
  },
  "80": {
    "r": 0.052878,
    "r2": 0.002796
  },
  "81": {
    "r": -0.016036,
    "r2": 0.000257
  },
  "82": {
    "r": 0.05609,
    "r2": 0.003146
  },
  "83": {
    "r": 0.036592,
    "r2": 0.001339
  },
  "84": {
    "r": 0.009743,
    "r2": 9.5e-05
  },
  "85": {
    "r": 0.055,
    "r2": 0.003025
  },
  "86": {
    "r": 0.048856,
    "r2": 0.002387
  },
  "87": {
    "r": 0.031141,
    "r2": 0.00097
  },
  "88": {
    "r": -0.036673,
    "r2": 0.001345
  },
  "89": {
    "r": -0.005477,
    "r2": 3e-05
  },
  "90": {
    "r": -0.016764,
    "r2": 0.000281
  },
  "91": {
    "r": 0.011207,
    "r2": 0.000126
  },
  "92": {
    "r": 0.007313,
    "r2": 5.3e-05
  },
  "93": {
    "r": 0.023555,
    "r2": 0.000555
  },
  "94": {
    "r": 0.023976,
    "r2": 0.000575
  },
  "95": {
    "r": 0.039649,
    "r2": 0.001572
  },
  "96": {
    "r": -0.036959,
    "r2": 0.001366
  },
  "97": {
    "r": -0.030144,
    "r2": 0.000909
  },
  "98": {
    "r": -0.009549,
    "r2": 9.1e-05
  },
  "99": {
    "r": 0.036591,
    "r2": 0.001339
  },
  "100": {
    "r": 0.06813,
    "r2": 0.004642
  },
  "101": {
    "r": 0.071497,
    "r2": 0.005112
  },
  "102": {
    "r": 0.039502,
    "r2": 0.00156
  },
  "103": {
    "r": 0.077158,
    "r2": 0.005953
  },
  "104": {
    "r": 0.090033,
    "r2": 0.008106
  },
  "105": {
    "r": 0.074998,
    "r2": 0.005625
  },
  "106": {
    "r": -0.024963,
    "r2": 0.000623
  },
  "107": {
    "r": 0.026,
    "r2": 0.000676
  },
  "108": {
    "r": 0.032264,
    "r2": 0.001041
  },
  "109": {
    "r": -0.05944,
    "r2": 0.003533
  },
  "110": {
    "r": 0.019684,
    "r2": 0.000387
  },
  "111": {
    "r": 0.08765,
    "r2": 0.007682
  },
  "112": {
    "r": 0.053228,
    "r2": 0.002833
  },
  "113": {
    "r": -0.003439,
    "r2": 1.2e-05
  },
  "114": {
    "r": -0.03,
    "r2": 0.0009
  },
  "115": {
    "r": -0.021419,
    "r2": 0.000459
  },
  "116": {
    "r": 0.024114,
    "r2": 0.000581
  },
  "117": {
    "r": -0.049214,
    "r2": 0.002422
  },
  "118": {
    "r": -0.014978,
    "r2": 0.000224
  },
  "119": {
    "r": 0.015249,
    "r2": 0.000233
  },
  "120": {
    "r": -0.019795,
    "r2": 0.000392
  },
  "121": {
    "r": -0.016523,
    "r2": 0.000273
  },
  "122": {
    "r": 0.043838,
    "r2": 0.001922
  },
  "123": {
    "r": 0.039225,
    "r2": 0.001539
  },
  "124": {
    "r": 0.131865,
    "r2": 0.017388
  },
  "125": {
    "r": 0.160747,
    "r2": 0.02584
  },
  "126": {
    "r": -0.002068,
    "r2": 4e-06
  },
  "127": {
    "r": 0.007794,
    "r2": 6.1e-05
  },
  "128": {
    "r": 0.124515,
    "r2": 0.015504
  },
  "129": {
    "r": 0.138958,
    "r2": 0.019309
  },
  "130": {
    "r": 0.153397,
    "r2": 0.023531
  },
  "131": {
    "r": 0.138993,
    "r2": 0.019319
  },
  "132": {
    "r": 0.076847,
    "r2": 0.005905
  },
  "133": {
    "r": 0.079038,
    "r2": 0.006247
  },
  "134": {
    "r": 0.028874,
    "r2": 0.000834
  },
  "135": {
    "r": 0.047823,
    "r2": 0.002287
  },
  "136": {
    "r": 0.017191,
    "r2": 0.000296
  },
  "137": {
    "r": 0.015882,
    "r2": 0.000252
  },
  "138": {
    "r": 0.070237,
    "r2": 0.004933
  },
  "139": {
    "r": 0.062762,
    "r2": 0.003939
  },
  "140": {
    "r": 0.006098,
    "r2": 3.7e-05
  },
  "141": {
    "r": -0.075701,
    "r2": 0.005731
  },
  "142": {
    "r": -0.053021,
    "r2": 0.002811
  },
  "143": {
    "r": -0.069001,
    "r2": 0.004761
  },
  "144": {
    "r": 0.010654,
    "r2": 0.000114
  },
  "145": {
    "r": 0.009788,
    "r2": 9.6e-05
  },
  "146": {
    "r": 0.007479,
    "r2": 5.6e-05
  },
  "147": {
    "r": -0.037151,
    "r2": 0.00138
  },
  "148": {
    "r": -0.02247,
    "r2": 0.000505
  },
  "149": {
    "r": -0.036795,
    "r2": 0.001354
  },
  "150": {
    "r": 0.077041,
    "r2": 0.005935
  },