{
  "1": [
    0.984091,
    0.814028,
    0.814028
  ],
  "2": [
    0.983028,
    0.857149,
    0.857149
  ],
  "3": [
    0.785712,
    0.835981,
    0.984273
  ],
  "4": [
    0.986515,
    0.715682,
    0.715682
  ],
  "5": [
    0.799575,
    0.846257,
    0.983968
  ],
  "6": [
    0.98401,
    0.81733,
    0.81733
  ],
  "7": [
    0.964332,
    0.968386,
    0.980345
  ],
  "8": [
    0.992413,
    0.476404,
    0.476404
  ],
  "9": [
    0.986913,
    0.699531,
    0.699531
  ],
  "10": [
    0.982014,
    0.898307,
    0.898307
  ],
  "11": [
    0.621579,
    0.714314,
    0.987882
  ],
  "12": [
    0.994816,
    0.378919,
    0.378919
  ],
  "13": [
    0.896767,
    0.918302,
    0.98183
  ],
  "14": [
    0.992094,
    0.489355,
    0.489355
  ],
  "15": [
    0.59177,
    0.692217,
    0.988538
  ],
  "16": [
    0.985897,
    0.740773,
    0.740773
  ],
  "17": [
    0.986083,
    0.733225,
    0.733225
  ],
  "18": [
    0.98243,
    0.88141,
    0.88141
  ],
  "19": [
    0.985127,
    0.77201,
    0.77201
  ],
  "20": [
    0.703635,
    0.77514,
    0.986078
  ],
  "21": [
    0.9868,
    0.704141,
    0.704141
  ],
  "22": [
    0.987605,
    0.671456,
    0.671456
  ],
  "23": [
    0.985426,
    0.759877,
    0.759877
  ],
  "24": [
    0.999407,
    0.19268,
    0.19268
  ],
  "25": [
    0.99386,
    0.417731,
    0.417731
  ],
  "26": [
    0.682937,
    0.759796,
    0.986533
  ],
  "27": [
    0.988335,
    0.64186,
    0.64186
  ],
  "28": [
    0.990767,
    0.543184,
    0.543184
  ],
  "29": [
    0.686671,
    0.762565,
    0.986451
  ],
  "30": [
    0.61636,
    0.710446,
    0.987997
  ],
  "31": [
    0.988941,
    0.617288,
    0.617288
  ],
  "32": [
    0.985151,
    0.771018,
    0.771018
  ],
  "33": [
    0.985068,
    0.774389,
    0.774389
  ],
  "34": [
    0.985768,
    0.746008,
    0.746008
  ],
  "35": [
    0.609695,
    0.705505,
    0.988144
  ],
  "36": [
    0.988808,
    0.622685,
    0.622685
  ],
  "37": [
    0.990053,
    0.57217,
    0.57217
  ],
  "38": [
    0.699421,
    0.772016,
    0.986171
  ],
  "39": [
    0.98912,
    0.610017,
    0.610017
  ],
  "40": [
    0.987108,
    0.691654,
    0.691654
  ],
  "41": [
    0.988253,
    0.645186,
    0.645186
  ],
  "42": [
    0.991079,
    0.530524,
    0.530524
  ],
  "43": [
    0.471333,
    0.602942,
    0.991187
  ],
  "44": [
    0.633595,
    0.723221,
    0.987618
  ],
  "45": [
    0.650304,
    0.735607,
    0.987251
  ],
  "46": [
    0.812743,
    0.856018,
    0.983678
  ],
  "47": [
    0.985405,
    0.760736,
    0.760736
  ],
  "48": [
    0.383999,
    0.538204,
    0.993107
  ],
  "49": [
    0.758716,
    0.81597,
    0.984867
  ],
  "50": [
    0.821438,
    0.862463,
    0.983487
  ],
  "51": [
    0.988403,
    0.639121,
    0.639121
  ],
  "52": [
    0.989024,
    0.613925,
    0.613925
  ],
  "53": [
    0.901953,
    0.922146,
    0.981716
  ],
  "54": [
    0.989518,
    0.593888,
    0.593888
  ],
  "55": [
    0.991941,
    0.495554,
    0.495554
  ],
  "56": [
    0.98514,
    0.77146,
    0.77146
  ],
  "57": [
    0.990136,
    0.568816,
    0.568816
  ],
  "58": [
    0.986943,
    0.698319,
    0.698319
  ],
  "59": [
    0.984706,
    0.789093,
    0.789093
  ],
  "60": [
    0.869612,
    0.898173,
    0.982428
  ],
  "61": [
    0.887427,
    0.911379,
    0.982036
  ],
  "62": [
    0.990787,
    0.542385,
    0.542385
  ],
  "63": [
    0.994857,
    0.377253,
    0.377253
  ],
  "64": [
    0.782169,
    0.833354,
    0.984351
  ],
  "65": [
    0.987225,
    0.686905,
    0.686905
  ],
  "66": [
    0.98637,
    0.721569,
    0.721569
  ],
  "67": [
    0.988337,
    0.641791,
    0.641791
  ],
  "68": [
    0.830099,
    0.868883,
    0.983297
  ],
  "69": [
    0.986805,
    0.703937,
    0.703937
  ],
  "70": [
    0.989109,
    0.610455,
    0.610455
  ],
  "71": [
    0.984889,
    0.781676,
    0.781676
  ],
  "72": [
    0.984111,
    0.813211,
    0.813211
  ],
  "73": [
    0.990593,
    0.550274,
    0.550274
  ],
  "74": [
    0.986059,
    0.734185,
    0.734185
  ],
  "75": [
    0.988275,
    0.644306,
    0.644306
  ],
  "76": [
    0.987401,
    0.679771,
    0.679771
  ],
  "77": [
    0.686105,
    0.762145,
    0.986463
  ],
  "78": [
    0.988196,
    0.647502,
    0.647502
  ],
  "79": [
    0.99089,
    0.538195,
    0.538195
  ],
  "80": [
    0.990232,
    0.56491,
    0.56491
  ],
  "81": [
    0.738632,
    0.801081,
    0.985308
  ],
  "82": [
    0.990569,
    0.551227,
    0.551227
  ],
  "83": [
    0.988356,
    0.640999,
    0.640999
  ],
  "84": [
    0.984036,
    0.816273,
    0.816273
  ],
  "85": [
    0.990456,
    0.555831,
    0.555831
  ],
  "86": [
    0.989796,
    0.582584,
    0.582584
  ],
  "87": [
    0.987647,
    0.669777,
    0.669777
  ],
  "88": [
    0.599574,
    0.698002,
    0.988366
  ],
  "89": [
    0.84632,
    0.880907,
    0.98294
  ],
  "90": [
    0.732663,
    0.796657,
    0.985439
  ],
  "91": [
    0.984359,
    0.803172,
    0.803172
  ],
  "92": [
    0.983447,
    0.840171,
    0.840171
  ],
  "93": [
    0.986558,
    0.713939,
    0.713939
  ],
  "94": [
    0.986622,
    0.711335,
    0.711335
  ],
  "95": [
    0.988733,
    0.625703,
    0.625703
  ],
  "96": [
    0.597943,
    0.696794,
    0.988402
  ],
  "97": [
    0.638461,
    0.726829,
    0.987511
  ],
  "98": [
    0.798512,
    0.845469,
    0.983991
  ],
  "99": [
    0.988356,
    0.641002,
    0.641002
  ],
  "100": [
    0.991762,
    0.502827,
    0.502827
  ],
  "101": [
    0.992078,
    0.489998,
    0.489998
  ],
  "102": [
    0.988715,
    0.626426,
    0.626426
  ],
  "103": [
    0.992595,
    0.469028,
    0.469028
  ],
  "104": [
    0.993711,
    0.423762,
    0.423762
  ],
  "105": [
    0.9924,
    0.476944,
    0.476944
  ],
  "106": [
    0.672116,
    0.751775,
    0.986771
  ],
  "107": [
    0.986924,
    0.699084,
    0.699084
  ],
  "108": [
    0.987797,
    0.663673,
    0.663673
  ],
  "109": [
    0.483838,
    0.612211,
    0.990912
  ],
  "110": [
    0.985942,
    0.738956,
    0.738956
  ],
  "111": [
    0.99351,
    0.431911,
    0.431911
  ],
  "112": [
    0.990269,
    0.563401,
    0.563401
  ],
  "113": [
    0.876508,
    0.903285,
    0.982276
  ],
  "114": [
    0.639358,
    0.727493,
    0.987491
  ],
  "115": [
    0.696979,
    0.770206,
    0.986224
  ],
  "116": [
    0.986644,
    0.710482,
    0.710482
  ],
  "117": [
    0.532771,
    0.648483,
    0.989836
  ],
  "118": [
    0.747527,
    0.807675,
    0.985113
  ],
  "119": [
    0.985163,
    0.770531,
    0.770531
  ],
  "120": [
    0.708989,
    0.779108,
    0.98596
  ],
  "121": [
    0.734629,
    0.798114,
    0.985396
  ],
  "122": [
    0.989229,
    0.605584,
    0.605584
  ],
  "123": [
    0.988682,
    0.627793,
    0.627793
  ],
  "124": [
    0.996913,
    0.293864,
    0.293864
  ],
  "125": [
    0.998859,
    0.2149,
    0.2149
  ],
  "126": [
    0.901758,
    0.922002,
    0.981721
  ],
  "127": [
    0.98357,
    0.835183,
    0.835183
  ],
  "128": [
    0.996388,
    0.315169,
    0.315169
  ],
  "129": [
    0.997407,
    0.273805,
    0.273805
  ],
  "130": [
    0.99838,
    0.234346,
    0.234346
  ],
  "131": [
    0.99741,
    0.273708,
    0.273708
  ],
  "132": [
    0.992567,
    0.470161,
    0.470161
  ],
  "133": [
    0.992763,
    0.462215,
    0.462215
  ],
  "134": [
    0.987335,
    0.682412,
    0.682412
  ],
  "135": [
    0.989682,
    0.58723,
    0.58723
  ],
  "136": [
    0.985515,
    0.756253,
    0.756253
  ],
  "137": [
    0.98528,
    0.765791,
    0.765791
  ],
  "138": [
    0.991961,
    0.494767,
    0.494767
  ],
  "139": [
    0.991243,
    0.523889,
    0.523889
  ],
  "140": [
    0.983119,
    0.853474,
    0.853474
  ],
  "141": [
    0.413258,
    0.559893,
    0.992464
  ],
  "142": [
    0.514064,
    0.634617,
    0.990247
  ],
  "143": [
    0.441422,
    0.580769,
    0.991845
  ],