{
  "1": [
    0.829696,
    0.868585,
    0.983306
  ],
  "2": [
    0.983546,
    0.83616,
    0.83616
  ],
  "3": [
    0.776832,
    0.829398,
    0.984468
  ],
  "4": [
    0.652186,
    0.737002,
    0.987209
  ],
  "5": [
    0.705823,
    0.776761,
    0.98603
  ],
  "6": [
    0.64758,
    0.733588,
    0.987311
  ],
  "7": [
    0.815564,
    0.858109,
    0.983616
  ],
  "8": [
    0.982994,
    0.858518,
    0.858518
  ],
  "9": [
    0.980347,
    0.965921,
    0.965921
  ],
  "10": [
    0.984892,
    0.781537,
    0.781537
  ],
  "11": [
    0.982626,
    0.87345,
    0.87345
  ],
  "12": [
    0.993746,
    0.422329,
    0.422329
  ],
  "13": [
    0.662048,
    0.744313,
    0.986992
  ],
  "14": [
    0.986727,
    0.707095,
    0.707095
  ],
  "15": [
    0.984808,
    0.78496,
    0.78496
  ],
  "16": [
    0.863972,
    0.893992,
    0.982552
  ],
  "17": [
    0.980641,
    0.953999,
    0.953999
  ],
  "18": [
    0.770228,
    0.824503,
    0.984613
  ],
  "19": [
    0.750473,
    0.809859,
    0.985048
  ],
  "20": [
    0.983088,
    0.85471,
    0.85471
  ],
  "21": [
    0.752364,
    0.811261,
    0.985006
  ],
  "22": [
    0.787252,
    0.837122,
    0.984239
  ],
  "23": [
    0.985655,
    0.750592,
    0.750592
  ],
  "24": [
    1.0,
    0.168627,
    0.168627
  ],
  "25": [
    0.989891,
    0.578733,
    0.578733
  ],
  "26": [
    0.983455,
    0.83983,
    0.83983
  ],
  "27": [
    0.825712,
    0.865631,
    0.983393
  ],
  "28": [
    0.989383,
    0.599349,
    0.599349
  ],
  "29": [
    0.723571,
    0.789917,
    0.985639
  ],
  "30": [
    0.838207,
    0.874893,
    0.983118
  ],
  "31": [
    0.982684,
    0.871128,
    0.871128
  ],
  "32": [
    0.98719,
    0.688296,
    0.688296
  ],
  "33": [
    0.831723,
    0.870087,
    0.983261
  ],
  "34": [
    0.987354,
    0.681646,
    0.681646
  ],
  "35": [
    0.982729,
    0.869308,
    0.869308
  ],
  "36": [
    0.880385,
    0.906159,
    0.982191
  ],
  "37": [
    0.674987,
    0.753903,
    0.986708
  ],
  "38": [
    0.700549,
    0.772852,
    0.986146
  ],
  "39": [
    0.982491,
    0.878957,
    0.878957
  ],
  "40": [
    0.84779,
    0.881997,
    0.982908
  ],
  "41": [
    0.983073,
    0.85532,
    0.85532
  ],
  "42": [
    0.986883,
    0.700751,
    0.700751
  ],
  "43": [
    0.803524,
    0.849184,
    0.983881
  ],
  "44": [
    0.923095,
    0.937818,
    0.981251
  ],
  "45": [
    0.913604,
    0.930783,
    0.98146
  ],
  "46": [
    0.940975,
    0.951072,
    0.980858
  ],
  "47": [
    0.988766,
    0.624365,
    0.624365
  ],
  "48": [
    0.704124,
    0.775502,
    0.986067
  ],
  "49": [
    0.986454,
    0.718154,
    0.718154
  ],
  "50": [
    0.952788,
    0.959829,
    0.980598
  ],
  "51": [
    0.984335,
    0.804136,
    0.804136
  ],
  "52": [
    0.988365,
    0.640661,
    0.640661
  ],
  "53": [
    0.764747,
    0.82044,
    0.984734
  ],
  "54": [
    0.983955,
    0.819546,
    0.819546
  ],
  "55": [
    0.984857,
    0.782972,
    0.782972
  ],
  "56": [
    0.984042,
    0.816026,
    0.816026
  ],
  "57": [
    0.923192,
    0.93789,
    0.981249
  ],
  "58": [
    0.985935,
    0.739214,
    0.739214
  ],
  "59": [
    0.675046,
    0.753947,
    0.986707
  ],
  "60": [
    0.660768,
    0.743363,
    0.987021
  ],
  "61": [
    0.985439,
    0.759328,
    0.759328
  ],
  "62": [
    0.98664,
    0.710637,
    0.710637
  ],
  "63": [
    0.989291,
    0.603076,
    0.603076
  ],
  "64": [
    0.983794,
    0.826065,
    0.826065
  ],
  "65": [
    0.985421,
    0.760063,
    0.760063
  ],
  "66": [
    0.749322,
    0.809006,
    0.985073
  ],
  "67": [
    0.986597,
    0.712382,
    0.712382
  ],
  "68": [
    0.726044,
    0.791751,
    0.985585
  ],
  "69": [
    0.850064,
    0.883683,
    0.982858
  ],
  "70": [
    0.881511,
    0.906993,
    0.982166
  ],
  "71": [
    0.712272,
    0.781542,
    0.985888
  ],
  "72": [
    0.726172,
    0.791845,
    0.985582
  ],
  "73": [
    0.983112,
    0.853754,
    0.853754
  ],
  "74": [
    0.984149,
    0.811683,
    0.811683
  ],
  "75": [
    0.983938,
    0.820238,
    0.820238
  ],
  "76": [
    0.984933,
    0.779862,
    0.779862
  ],
  "77": [
    0.803504,
    0.849169,
    0.983882
  ],
  "78": [
    0.980519,
    0.958928,
    0.958928
  ],
  "79": [
    0.991767,
    0.502647,
    0.502647
  ],
  "80": [
    0.989168,
    0.608065,
    0.608065
  ],
  "81": [
    0.984185,
    0.810211,
    0.810211
  ],
  "82": [
    0.981144,
    0.93357,
    0.93357
  ],
  "83": [
    0.982225,
    0.889746,
    0.889746
  ],
  "84": [
    0.816363,
    0.858701,
    0.983599
  ],
  "85": [
    0.985485,
    0.757485,
    0.757485
  ],
  "86": [
    0.985136,
    0.771629,
    0.771629
  ],
  "87": [
    0.983668,
    0.831182,
    0.831182
  ],
  "88": [
    0.81016,
    0.854103,
    0.983735
  ],
  "89": [
    0.911794,
    0.929441,
    0.9815
  ],
  "90": [
    0.982725,
    0.86946,
    0.86946
  ],
  "91": [
    0.896212,
    0.917891,
    0.981843
  ],
  "92": [
    0.980792,
    0.947884,
    0.947884
  ],
  "93": [
    0.773311,
    0.826788,
    0.984546
  ],
  "94": [
    0.982989,
    0.858745,
    0.858745
  ],
  "95": [
    0.87465,
    0.901907,
    0.982317
  ],
  "96": [
    0.812081,
    0.855527,
    0.983693
  ],
  "97": [
    0.983379,
    0.842913,
    0.842913
  ],
  "98": [
    0.801389,
    0.847602,
    0.983928
  ],
  "99": [
    0.988154,
    0.649205,
    0.649205
  ],
  "100": [
    0.99183,
    0.500077,
    0.500077
  ],
  "101": [
    0.986038,
    0.735067,
    0.735067
  ],
  "102": [
    0.989743,
    0.584736,
    0.584736
  ],
  "103": [
    0.993166,
    0.445863,
    0.445863
  ],
  "104": [
    0.993505,
    0.43213,
    0.43213
  ],
  "105": [
    0.98753,
    0.674529,
    0.674529
  ],
  "106": [
    0.982653,
    0.87237,
    0.87237
  ],
  "107": [
    0.98934,
    0.601081,
    0.601081
  ],
  "108": [
    0.986018,
    0.735875,
    0.735875
  ],
  "109": [
    0.983139,
    0.852655,
    0.852655
  ],
  "110": [
    0.984557,
    0.795143,
    0.795143
  ],
  "111": [
    0.987605,
    0.671473,
    0.671473
  ],
  "112": [
    0.987662,
    0.669148,
    0.669148
  ],
  "113": [
    0.984099,
    0.813726,
    0.813726
  ],
  "114": [
    0.896836,
    0.918353,
    0.981829
  ],
  "115": [
    0.984286,
    0.806142,
    0.806142
  ],
  "116": [
    0.984459,
    0.799085,
    0.799085
  ],
  "117": [
    0.98322,
    0.849376,
    0.849376
  ],
  "118": [
    0.908796,
    0.927219,
    0.981566
  ],
  "119": [
    0.984922,
    0.780315,
    0.780315
  ],
  "120": [
    0.937701,
    0.948645,
    0.98093
  ],
  "121": [
    0.90235,
    0.92244,
    0.981708
  ],
  "122": [
    0.984315,
    0.804938,
    0.804938
  ],
  "123": [
    0.986749,
    0.706204,
    0.706204
  ],
  "124": [
    0.998209,
    0.241297,
    0.241297
  ],
  "125": [
    0.997504,
    0.269884,
    0.269884
  ],
  "126": [
    0.982206,
    0.890515,
    0.890515
  ],
  "127": [
    0.981188,
    0.931815,
    0.931815
  ],
  "128": [
    0.992188,
    0.485544,
    0.485544
  ],
  "129": [
    0.996202,
    0.322695,
    0.322695
  ],
  "130": [
    0.993913,
    0.415588,
    0.415588
  ],
  "131": [
    0.987377,
    0.680728,
    0.680728
  ],
  "132": [
    0.985199,
    0.769087,
    0.769087
  ],
  "133": [
    0.986358,
    0.722083,
    0.722083
  ],
  "134": [
    0.984138,
    0.81212,
    0.81212
  ],
  "135": [
    0.986439,
    0.718781,
    0.718781
  ],
  "136": [
    0.987457,
    0.677478,
    0.677478
  ],
  "137": [
    0.846696,
    0.881186,
    0.982932
  ],
  "138": [
    0.982695,
    0.870683,
    0.870683
  ],
  "139": [
    0.989212,
    0.606263,
    0.606263
  ],
  "140": [
    0.983837,
    0.824353,
    0.824353
  ],
  "141": [
    0.981747,
    0.909145,
    0.909145
  ],
  "142": [
    0.773611,
    0.82701,
    0.984539
  ],
  "143": [
    0.982065,
    0.896235,
    0.896235
  ],