{
  "1": {
    "r": -0.023244,
    "r2": 0.00054
  },
  "2": {
    "r": 0.026404,
    "r2": 0.000697
  },
  "3": {
    "r": -0.040205,
    "r2": 0.001616
  },
  "4": {
    "r": -0.09595,
    "r2": 0.009206
  },
  "5": {
    "r": -0.069336,
    "r2": 0.004807
  },
  "6": {
    "r": -0.098415,
    "r2": 0.009685
  },
  "7": {
    "r": -0.027369,
    "r2": 0.000749
  },
  "8": {
    "r": 0.019421,
    "r2": 0.000377
  },
  "9": {
    "r": 0.000386,
    "r2": 0.0
  },
  "10": {
    "r": 0.047408,
    "r2": 0.002247
  },
  "11": {
    "r": 0.015301,
    "r2": 0.000234
  },
  "12": {
    "r": 0.310215,
    "r2": 0.096234
  },
  "13": {
    "r": -0.090766,
    "r2": 0.008238
  },
  "14": {
    "r": 0.084598,
    "r2": 0.007157
  },
  "15": {
    "r": 0.045931,
    "r2": 0.00211
  },
  "16": {
    "r": -0.014519,
    "r2": 0.000211
  },
  "17": {
    "r": 0.001178,
    "r2": 1e-06
  },
  "18": {
    "r": -0.042612,
    "r2": 0.001816
  },
  "19": {
    "r": -0.050188,
    "r2": 0.002519
  },
  "20": {
    "r": 0.020542,
    "r2": 0.000422
  },
  "21": {
    "r": -0.049439,
    "r2": 0.002444
  },
  "22": {
    "r": -0.036534,
    "r2": 0.001335
  },
  "23": {
    "r": 0.061697,
    "r2": 0.003806
  },
  "24": {
    "r": 0.613394,
    "r2": 0.376252
  },
  "25": {
    "r": 0.170515,
    "r2": 0.029075
  },
  "26": {
    "r": 0.025192,
    "r2": 0.000635
  },
  "27": {
    "r": -0.024376,
    "r2": 0.000594
  },
  "28": {
    "r": 0.154923,
    "r2": 0.024001
  },
  "29": {
    "r": -0.061393,
    "r2": 0.003769
  },
  "30": {
    "r": -0.020906,
    "r2": 0.000437
  },
  "31": {
    "r": 0.015912,
    "r2": 0.000253
  },
  "32": {
    "r": 0.095491,
    "r2": 0.009119
  },
  "33": {
    "r": -0.022677,
    "r2": 0.000514
  },
  "34": {
    "r": 0.099486,
    "r2": 0.009897
  },
  "35": {
    "r": 0.016399,
    "r2": 0.000269
  },
  "36": {
    "r": -0.011003,
    "r2": 0.000121
  },
  "37": {
    "r": -0.084163,
    "r2": 0.007083
  },
  "38": {
    "r": -0.07178,
    "r2": 0.005152
  },
  "39": {
    "r": 0.013893,
    "r2": 0.000193
  },
  "40": {
    "r": -0.018409,
    "r2": 0.000339
  },
  "41": {
    "r": 0.020361,
    "r2": 0.000415
  },
  "42": {
    "r": 0.088208,
    "r2": 0.007781
  },
  "43": {
    "r": -0.031121,
    "r2": 0.000969
  },
  "44": {
    "r": -0.003975,
    "r2": 1.6e-05
  },
  "45": {
    "r": -0.005262,
    "r2": 2.8e-05
  },
  "46": {
    "r": -0.002002,
    "r2": 4e-06
  },
  "47": {
    "r": 0.136911,
    "r2": 0.018745
  },
  "48": {
    "r": -0.070119,
    "r2": 0.004917
  },
  "49": {
    "r": 0.078469,
    "r2": 0.006157
  },
  "50": {
    "r": -0.00104,
    "r2": 1e-06
  },
  "51": {
    "r": 0.038053,
    "r2": 0.001448
  },
  "52": {
    "r": 0.125719,
    "r2": 0.015805
  },
  "53": {
    "r": -0.044658,
    "r2": 0.001994
  },
  "54": {
    "r": 0.032209,
    "r2": 0.001037
  },
  "55": {
    "r": 0.046786,
    "r2": 0.002189
  },
  "56": {
    "r": 0.033505,
    "r2": 0.001123
  },
  "57": {
    "r": -0.003963,
    "r2": 1.6e-05
  },
  "58": {
    "r": 0.067373,
    "r2": 0.004539
  },
  "59": {
    "r": -0.084133,
    "r2": 0.007078
  },
  "60": {
    "r": -0.091432,
    "r2": 0.00836
  },
  "61": {
    "r": 0.057492,
    "r2": 0.003305
  },
  "62": {
    "r": 0.082612,
    "r2": 0.006825
  },
  "63": {
    "r": 0.152176,
    "r2": 0.023158
  },
  "64": {
    "r": 0.029869,
    "r2": 0.000892
  },
  "65": {
    "r": 0.057144,
    "r2": 0.003265
  },
  "66": {
    "r": -0.050647,
    "r2": 0.002565
  },
  "67": {
    "r": 0.081642,
    "r2": 0.006665
  },
  "68": {
    "r": -0.06032,
    "r2": 0.003639
  },
  "69": {
    "r": -0.017837,
    "r2": 0.000318
  },
  "70": {
    "r": -0.010777,
    "r2": 0.000116
  },
  "71": {
    "r": -0.066399,
    "r2": 0.004409
  },
  "72": {
    "r": -0.060265,
    "r2": 0.003632
  },
  "73": {
    "r": 0.020828,
    "r2": 0.000434
  },
  "74": {
    "r": 0.035136,
    "r2": 0.001235
  },
  "75": {
    "r": 0.031957,
    "r2": 0.001021
  },
  "76": {
    "r": 0.048138,
    "r2": 0.002317
  },
  "77": {
    "r": -0.031128,
    "r2": 0.000969
  },
  "78": {
    "r": 0.000803,
    "r2": 1e-06
  },
  "79": {
    "r": 0.233811,
    "r2": 0.054668
  },
  "80": {
    "r": 0.148533,
    "r2": 0.022062
  },
  "81": {
    "r": 0.035697,
    "r2": 0.001274
  },
  "82": {
    "r": 0.003379,
    "r2": 1.1e-05
  },
  "83": {
    "r": 0.011315,
    "r2": 0.000128
  },
  "84": {
    "r": -0.027128,
    "r2": 0.000736
  },
  "85": {
    "r": 0.058368,
    "r2": 0.003407
  },
  "86": {
    "r": 0.051798,
    "r2": 0.002683
  },
  "87": {
    "r": 0.028089,
    "r2": 0.000789
  },
  "88": {
    "r": -0.029026,
    "r2": 0.000843
  },
  "89": {
    "r": -0.005526,
    "r2": 3.1e-05
  },
  "90": {
    "r": 0.016358,
    "r2": 0.000268
  },
  "91": {
    "r": -0.008033,
    "r2": 6.5e-05
  },
  "92": {
    "r": 0.001729,
    "r2": 3e-06
  },
  "93": {
    "r": -0.04148,
    "r2": 0.001721
  },
  "94": {
    "r": 0.019355,
    "r2": 0.000375
  },
  "95": {
    "r": -0.012181,
    "r2": 0.000148
  },
  "96": {
    "r": -0.028432,
    "r2": 0.000808
  },
  "97": {
    "r": 0.024193,
    "r2": 0.000585
  },
  "98": {
    "r": -0.031809,
    "r2": 0.001012
  },
  "99": {
    "r": 0.120023,
    "r2": 0.014406
  },
  "100": {
    "r": 0.236105,
    "r2": 0.055746
  },
  "101": {
    "r": 0.069498,
    "r2": 0.00483
  },
  "102": {
    "r": 0.165905,
    "r2": 0.027525
  },
  "103": {
    "r": 0.286825,
    "r2": 0.082269
  },
  "104": {
    "r": 0.300373,
    "r2": 0.090224
  },
  "105": {
    "r": 0.103842,
    "r2": 0.010783
  },
  "106": {
    "r": 0.015584,
    "r2": 0.000243
  },
  "107": {
    "r": 0.153643,
    "r2": 0.023606
  },
  "108": {
    "r": 0.069082,
    "r2": 0.004772
  },
  "109": {
    "r": 0.021159,
    "r2": 0.000448
  },
  "110": {
    "r": 0.041665,
    "r2": 0.001736
  },
  "111": {
    "r": 0.105739,
    "r2": 0.011181
  },
  "112": {
    "r": 0.107193,
    "r2": 0.01149
  },
  "113": {
    "r": 0.034364,
    "r2": 0.001181
  },
  "114": {
    "r": -0.007924,
    "r2": 6.3e-05
  },
  "115": {
    "r": 0.037267,
    "r2": 0.001389
  },
  "116": {
    "r": 0.040063,
    "r2": 0.001605
  },
  "117": {
    "r": 0.02216,
    "r2": 0.000491
  },
  "118": {
    "r": -0.005975,
    "r2": 3.6e-05
  },
  "119": {
    "r": 0.047939,
    "r2": 0.002298
  },
  "120": {
    "r": -0.002318,
    "r2": 5e-06
  },
  "121": {
    "r": -0.006995,
    "r2": 4.9e-05
  },
  "122": {
    "r": 0.037738,
    "r2": 0.001424
  },
  "123": {
    "r": 0.085101,
    "r2": 0.007242
  },
  "124": {
    "r": 0.517187,
    "r2": 0.267483
  },
  "125": {
    "r": 0.481375,
    "r2": 0.231722
  },
  "126": {
    "r": 0.01114,
    "r2": 0.000124
  },
  "127": {
    "r": 0.003615,
    "r2": 1.3e-05
  },
  "128": {
    "r": 0.249265,
    "r2": 0.062133
  },
  "129": {
    "r": 0.418274,
    "r2": 0.174953
  },
  "130": {
    "r": 0.317067,
    "r2": 0.100531
  },
  "131": {
    "r": 0.100043,
    "r2": 0.010009
  },
  "132": {
    "r": 0.052953,
    "r2": 0.002804
  },
  "133": {
    "r": 0.076341,
    "r2": 0.005828
  },
  "134": {
    "r": 0.034971,
    "r2": 0.001223
  },
  "135": {
    "r": 0.078127,
    "r2": 0.006104
  },
  "136": {
    "r": 0.102027,
    "r2": 0.010409
  },
  "137": {
    "r": -0.018686,
    "r2": 0.000349
  },
  "138": {
    "r": 0.016031,
    "r2": 0.000257
  },
  "139": {
    "r": 0.149845,
    "r2": 0.022453
  },
  "140": {
    "r": 0.030476,
    "r2": 0.000929
  },
  "141": {
    "r": 0.007287,
    "r2": 5.3e-05
  },
  "142": {
    "r": -0.041371,
    "r2": 0.001712
  },
  "143": {
    "r": 0.009879,
    "r2": 9.8e-05
  },
  "144": {
    "r": 0.080137,
    "r2": 0.006422
  },
  "145": {
    "r": 0.005657,
    "r2": 3.2e-05
  },
  "146": {
    "r": -0.006458,
    "r2": 4.2e-05
  },
  "147": {
    "r": 0.036166,
    "r2": 0.001308
  },
  "148": {
    "r": 0.001157,
    "r2": 1e-06
  },
  "149": {
    "r": 0.057173,
    "r2": 0.003269
  },
  "150": {
    "r": 0.013366,
    "r2": 0.000179
  },